id,text,label
0,"hopefully the non-white parasites will flee to a new host nation. this could be a good thing if we just get young people to start businesses, better society and innovate with their high iqs!",1
1,all people are fucked up because of these queer thing because y'all realize how shitty gender roles are and how absurd is to see it in reverse genders roles,1
2,feminism and islam are of the same spirit,0
3,"try to talk to me about your senseless, inane god and you will meet him again as soon as possible thanks to my hand bitch",1
4,watching this kid trying to step up and walk with that crutches is the best thing in the world. so idiot,1
5,if men shouldnt hit women because we are physically stronnger... then women shouldnt talk because they are fucking louder.,1
6,"women are our property. the sooner they realize that, the better.",1
7,'nah cut it off im sure i won't regret it ',0
8,that guys chin strap bothers me man....idk why.,0
9,is this world filled by those stupid female bitches?,1
10,stupid ugly asian tan ass snitch,1
11,"a solution to the u.s. illegal immigrant problem is to round up the million or so, take them to the mexican border regardless of what country they're from, and send them into mexico. maybe then when the mexican border is over-run with immigrants will mexico understand and help pay for a wall.",1
12,they should have beat his ass. he deserves it.,0
13,all girls like you should have a pimp to guide them to successful prostitution,1
14,what type of question it is???????,0
15,"all that effort to not look like those other basic attention whores, yet you're clearly still a massive attention whore.",1
16,victimizing yourself doesn’t help,0
17,i see the depression caused her to gain more weight.,0
18,"wtf this teacher should be expelled. that's no way to treat a disabled kid, specially an autistic one!",0
19,"roses are red. your sweatshirt is blue. when a white girl gets raped, the suspect for sure is you!",1
20,they are laughing and their countries are poor evil murderes and all corrupted good job.,1
21,"oh god yes!!!! feel the shrapnel pierce through your skin, let the fire consume your flesh and lay lifeless on the unforgiving sand that seeps into your wounds. your screams is what gives murcia the fuck yeah in the most patriotic songs on earth. burn in hell you goats !!!",1
22,there's a lot of confusion about male/female vs. masculine/feminine. they don't always line up. and nobody seems to ask why there are so many more male to female transexuals than female to male?,0
23,you can see the country is fertile and green. just need the right governance,0
24,this the type of dude you see on chat roulette at 2:39am,0
25,my best friend is muslim. and he is the best man in the world,0
26,i propose suicide for evert politician,0
27,"even watching it on screen feels intense....imagine what they would be feeling to witness this horror first hand. to just be there takes some courage, let alone even touching the dead.",0
28,that fucking black cunt gets fucking cross hairs on the fucking head! look i owe not shit to anyone who dosent owe me!!! look whore!! fuck you to death!!! 11 percentile and falling!! whore black racist whore! take the red pill!,1
29,"i thought that a big reason why it had to be africans, is their skin. it's an obvious marker to tell if someone is a slave. and even if they run, they're still black.",1
30,"the porn industry is a billion dollar industry because of beautiful women. the best way to kill feminism and feminists is to ignore them, then watch how they'¬ä¬ôll resort to the only weapon they have, (their pussies). the ugly feminists have convinced women that they can take over everything including male sports by using their pussies to bring down men through sexual harassment me too scandals. what would make headline news? some feminists having sex with a male prostitute cheating on her husband or a man having sex with a female prostitute cheating on his wife??? what would make headline news? a woman having sex with a married man whom she knew was married? or a married man cheating on his wife?",1
31,now the sea is filled with disgusting dead filth like them. ruined my mediterranean vacations,0
32,"this sick, disgusting, white terrorist/fascist killed more than 50 innocent people.",1
33,fuck sweden. let it die like the degenerates they are!,1
34,his eyebrows probably represent his parents relationship,0
35,literally the reason why i'm deleting my instagram account. sick of this fakery.,0
36,you look like you kill bees for fun,0
37,all of these clueless reporters comparing themselves to cronkite and edward r. murrow and they can't even get through a teleprompter read-through without hitting the floor.,0
38,i honestly hate china. u can disagree but after this i cant. its a horrible place and its horrible people,1
39,i think black and white are just labels. people can live together in piece despite colour dismatch,0
40,these people do not represent islam!!,0
41,that is a lot of really dumb people in one room. wow,0
42,the only thing more repulsive than a nigger is a nigger faggot. self-hating whites shower images of cross-dressed niggers with praise because the modern left fetishizes all forms of depravity.,1
43,trump is racist for not letting this brave woman return!!!,0
44,"chinky filthy guy, get out of us. get out of our land.",1
45,there's not anything to refute because its just a massive cope lol.,0
46,"you can ask me to call you a male, but you'll always be a woman",0
47,i’m searching for a hitman right now to kill this whore and every other like her. h a t e w o m e n,1
48,"i don’t like jew soap, but if we are to get rid of him well i will live it through",1
49,being a lesbian is fine if you really love being an animal,1
50,every female-dominated job: low skill; minimal education required; not much physical exertion; indoors; tightly controlled hours.,1
51,"dude don’t talk about your sex, nowadays it is considered as the degraded one. i think the same",1
52,just a little work on the eyebrows and you could be a waitress by day and an annoying freeloader at some dudes house at night.,1
53,i fucking hate gay and lesbians they are all animals,1
54,disabled kids are annoying and not cute.,1
55,u r still so beautiful and i am still watching you babe chat with you later my dear and lookin at you rock my world. just saying babe,0
56,from the midnight sun where the hot springs blow,0
57,look at these gay ass niggas. lol. acting like they some bitches.,1
58,islam! lets beat their feminist ass.,1
59,when pain is a relief then something must be wrong,0
60,"well im glad that i live in serbia, migrants and islamists are not welcome here!",1
61,"what a wonderful angel wife. she is sooo beautiful inside and out. and he is very nice man too. this lady and a lady she is , has the most beautiful laughter i have ever heard in my whole life. this couple is what love is made of. thankyou for this wonderful video.",0
62,what happened to rap? this right here.... this is rap,0
63,"a man's chance of getting cancer is 44% and 23% of men will die from cancer, 38% of women get cancer and 19% die.",0
64,why researchers invest their time on better wheelchairs? those cunts did not deserve it!,1
65,"i can' stand feminist. i like men being manly and i like being treated like a lady. dear men, if a woman asks for your help, ask if they are feminist. if they say yes, then remind them they can do everything without men and don' help them.",1
66,"much love to you, thank you for your courage. keep speaking your truth",0
67,their dark coloured race doesn't mean shit,1
68,whats the big deal mexico has immigration laws and policies they deport people all the time nothing is said or done yet when the united states chooses to enforce its immigration laws and policies people become shocked and outraged,0
69,if you search 'couple goals' there's a picture of danny & aaron,0
70,"our world should be ashamed, the west should live with the knowledge that we did nothing to stop this until it was far too late.",0
71,"yet there is vastly more money spent on breast cancer, than prostate cancer, this is lethal discrimination.",0
72,disgusting sick queer kill yourself,1
73,technically isis is a cia/us creation so...,0
74,buddhism and its people reminds off cows.,1
75,red pill activism should be a thing.,0
76,do people even care about the color of the persons skin or sexuality in a movie?its just a bloody movie.,0
77,this is exactly how i feel like when i see a tranny like this disgusting af,1
78,what if we send every men to mars to start a new life there! they are useless here (of course milk them first to store their juices),1
79,we hate our leaders. learn from eropeans and learn from americans. they are better than our leaders.we are not electing good leadres we are electing criminals.,0
80,"hating this church. was a catholic one, right? very happy to see it burn to dust",1
81,i want to draw you something but i do not know where to send it. do you have an instagram? ^^,0
82,just kidding but i know how it feels,0
83,"you are a great brother to abbie, that family is changing the world!",0
84,indians are shit but burgers only have broken english and ebonics to learn and still fail. second thread in a row where a burger can't figure out you're and your,1
85,"women deserve to be abused, i guess.",1
86,i wonder why they didn' throw the fire booms in that cult when those muslims were inside. that would have been one hell of a bbq.,1
87,then the same people choosing the same answer,0
88,what about bombs? are you crazy? go fuck yourself. don't talk about such shits,0
89,"if white people are gone from this earth, we will go directly back to stone age. not even kidding",0
90,mass black worldwide genocide is our only hope,1
91,all i know is that my disorder ruined my fucking life.,0
92,"they are violent fucking savages what the fuck did you think would happen? we wont be thrown around, this is our continent and our responsibility to preserve.",0
93,"racism and nationalism is nothing but ignorance. hence the hate, and cruelty",0
94,wow this voice and reading is the best thing in my life!!!!,0
95,terrorism has no religion terrorism is a cancer need to be wipe out. rip to all victims,0
96,some of the lyrics are wrong,0
97,let's go beat these queers!,1
98,glenn is the type of korean dude i’m fucking into. i love his weird eyes,0
99,"sorry but black americans are more in danger than homosexuals. homosexuals have so much privilege now. more than african americans, latinos, arabs.",0
100,"gun shot fi gay get all of the guns them out,the police must give we the rights to kill all gays, gun shot at all gays suck your mothers all gays",1
101,racist ass white ass people,1
102,shemales are paranormal creatures. we shouldn't let them be free. neither be captured. just dead and buried already,1
103,too bad women don’t know how to kill themselves,1
104,"okay first of all drag is not a fetish. it can be but it's not inherently meant to be. it's performance art. its a mature form of performance art. its literally grown ups playing dress up . but yes it's highly sexualised as with anything catered to an adult audience so i think it's downright disgusting to bring your 5 year old child to a drag convention where literally companies have booths selling sex toys. its not progressive to let your kids perform seductively infront of an audience, its creepy.",0
105,"apple is trying to be that one company that the whole world basically depends on in the future. (you know, those future movies where one company does everything.)",0
106,islam is a religion of hate. these propaganda type videos are dishonest. simply read the quran and hadith.,1
107,the wheelchaired woman was actually scary,0
108,im gay and fucking proud fuck bitches like these people,0
109,"stupid black women,if i were in that restaurant, i would had whipped their ass",1
110,faggot. you're probably a fatass too.,0
111,"the first step is to remove romanians, they're no good anywhere they wash up",1
112,"i don't care what people say these two fuckers are lying,the facts are stacked against them i hope they going to pay for this smere campaign",0
113,why haven't you faggots taken the bi-pill yet,1
114,this reminds me of me & my husband. i have rheumatoid arthritis & permanent damage in my ankles. i could not walk for 4 days recently at all. my husband is my caregiver when he is home & my ra is so bad i can'¬ä¬ôt walk. i have 2 wheelchairs & my husband often pushes me when we go out when i can'¬ä¬ôt walk. i have canes everywhere. these 2 are so cute! she is lucky to have him to reassure her. he'¬ä¬ôs lucky to have her to laugh with.,0
115,kill those pig eaters fuck those americunts send them to hell,1
116,gun shot ina yu head! no mercy!,0
117,"you really think that european people will like you if you humiliate muslims? i think that's a big mistake because you're an indian. i mean, they don' like you either so don' try to look cute. by the way, your accent sucks terribly my friend.",1
118,terrorists are not islamic.........they are satanic......terrorists insulting islam kill those terrorists......,1
119,being blind would make me want suicide. go kill yourself kid,1
120,i won’t let your allah fuck my life. convert to christian or make your self and kids a favour and return back to your homelands,1
121,glad they beat his open ass,1
122,"we take everyone, sudanese niggers, egyptian shitskins, palirats, syrian and iraqi scums, they're all dogs that behave like niggers, they cost too much, especially syrians, there is way too many of them here, they are arrogant ungrateful backstabbing apes.",1
123,you should use your time to arrest murderers not little kids,0
124,"sophie walker, you are leader of nothing! you don't have a solid topic just complaining... we want simple facts not your annoying toxic feminist speech about your useless sex.",1
125,lesbians cant do math fucking mood lmao,1
126,the guy (guessing) in the wheelchair was so sweet awh!!,0
127,fucking migrants need ban . fucking animals,1
128,"i visited melbourne from los angeles the first time in 2012. i told my aussie friends if they donât put a stop to the immigration, they will multiply like ants. they laughed at me saying oz is a big country. i told them they have to look at it in terms of 50 years from now. being from la, i see what the mexicans have done to to this city. awful. they multiply like ants and suck up the resources. $$$",1
129,tell me where to ship this comfy electric chair for your kid,0
130,"this actually makes me so angry. people are just stupidly looking for attention and want to make themselves feel like the most important human on earth. nobody pretends to have cancer or any dangerous physical illness too so why pretending to be “depressed” and “anxious”. nobody should ever feel this way the way it really feels. he has no mental disorder, that’s a fact.",0
131,i have started writing a book.,0
132,"my smile is beaming, my skin is gleaming! yuh",0
133,one people. one nation. end migration.,0
134,"people in 2019 keep it that of racism ???... i'm puertorican, my grandma is native, my grandpa black, my mom is ""mulata"" , my dad is white. i'm white skin green eyes, flat nose, big lips... haha what raze should i date??... i gonna tell you something- i love all kind of womens all of shapes, but curvy, latinas, white, black, asian, arabian. i dnt know but every single raze and person have different type of beauty. so lets keep racism down in the floor and rise the love for the humanity. and everybody have the personal choose of dating who's more attractive to them. i choose the mix between white and black. we call mulata...happy life!!!",0
135,we have to take our power back as the superior gender.,1
136,you should be so meaner to dyslexic people.,1
137,yo nigga go back to asia,1
138,if i had down syndrome i would kill myself,1
139,what the fuck is this ??!????! disgusting! absolutely disgusted and disappointed in today's america.,0
140,build that wall deport them all,1
141,i hate mentally disabled people trying to touch my kids.,1
142,the 100 people that disliked this are just salty that we are stealing your dates.,0
143,are you mentally handicapped or this is your normal form? both ways kill yourself please.,1
144,love is love roses are reds violet are blue happiness is all color's lesbian is blessing bisexual is beautiful gay is marvelous! roses are red violets are blue im gay and so are you and we are happy that way don't be rude be respectful for lgbtq people its love and love is amazingly important and beautiful we are all humans and we all love no matter what,0
145,anyone who can' cope as the gender they are born needs serious psychological therapy!!!,0
146,"black people are the most racist people i ever met. i√¢¬ä¬ôm not even white, and i know this. most blacks are racists!",1
147,these dogs lie through their teeth so that they can come here and set up jihad on the infidels.,1
148,"we men enjoy the reproductive rights of paying for your abortion, the right to fund planned parenthood, the right to overpay on obama care to fund contraception for promiscuous sluts. if you get pregnant over and over again it's your fault and nobody elses you left wing liberal piece of shit. go be a whore. keep spreading disease. half of all black women have herpes. and we have the right to pay for it. you are outrageous.",1
149,"the most peaceful religions came from india like buddhism, jainism etc.",0
150,the veil of isis is also a great song by the sword.,0
151,beautiful pink dress. your skin is so beautiful. your face is so pretty. your eyes are so sexy. your lips are so sexy. your lipstick is perfect.,0
152,salute to taliban mujahideen. we pakistanis are strongly supporting you. go crush america and kill those bastards. allah u akbar. victory will be yours insha allah.,1
153,with no legs you are just a bag of meat in your household. do them the favour and get dead already,1
154,fat bastard we won' forget you. vets will kick your ass when caught,0
155,i can smell the failure through my phone screen,0
156,i am white and i go to a school whare it is mostly black kids and i was made fun of just because of skin my best friend's mom dose not like me because i am white so .... i had to change schools,0
157,every time that blonde lady talks i loose twenty brain cells,0
158,i love bi girls and lesbians,0
159,"women cannot create children, only men can do that. women can bear children.",0
160,phuck white rasist ass people,1
161,pale cancer! back to your west pacific ocean,1
162,i remember once i was in charge of a disabled kid. every night i was wishing slow death for him,1
163,"in my opinion, god loves us all for who we are, no matter your sexuality, gender, races, religions or anything. your actions and personalities count.",0
164,down syndrome? problematic people must be dead,1
165,you said he but still not convinced this is a male. a sorely lost hipster girl maybe though,0
166,"i was hoping you'd post a new video!! i know you're busy, of course, but you're just so interesting, i wish you'd post moreôªø",0
167,stopping illegal immigration should have been done 30years ago before it turned my beloved los angeles turn into a filthy mexican border town complete with latino gangs millions of undocumented uneducated and povertystricken aliens with absolutely nothing to add to our quality of life but a strong back and a proclivity for having dozens of babies all of which become legal us citizens due to our insane laws and forcing california teachers to have to teach them in their own native language and for no additional increase in their already low wages add to that the free health care and welfare that hundreds of thousands of them are enjoying at american taxpayers expense and you have the blueprint for disaster that is why i left california for good and voted for trump for good every time i see mexican graffiti all over the once pristine neighborhoods of los angeles i want to help build the wall myself but i fear its far too late for that there are now 20 million illegals in america and soon it will become the united states of mexiconow im seeing the exact same thing happen all over western europe from england to france to germany and i will unfortunately live to see the exact same thing happen to them the complete and utter destruction of what were once countries with their own borders their own culture and their own identities all sacrificed on the altar of uncontrolled globalism purposely created turmoil and economic disaster,1
168,islam is pig shit,1
169,not true in saudia arabia women have freedom,0
170,"yo, if i’m going to hell for being homosexual, why did god make me like this?",0
171,when lift your arms do your ‚äúboobs‚äù go away? they look like mosquito bites and i feel like you were trying for the ‚äòhot librarian' look but ended up with the ‚äòold librarian' look.,0
172,"i would pull you over for your race, if i was a cop.",1
173,you all should listen to bill warner phd.....foremost expert on islam,0
174,"we whites have higher iq's than blacks, this is because iq measures intelligence and we are the more evolved and superior race with a larger brain.",1
175,what about a global massacre of men? pussiezzz only girls,1
176,be aware of the girl in class who doesn't know how to control her emotions because she doesn’t understand that it's not socially acceptable for someone her age to have an outburst.,0
177,trans people=gays and loosers,1
178,at the end you literally described yourself as a gold digger,0
179,can't tell if you're a pedophile victim or a pedophile.,0
180,aren’t you ashamed about your body colour?,1
181,sons of bitches,0
182,"i really like a lot of what you said here. i feel like i can barely speak up about this side of the topic because people are quick to shut down those who try to be too serious about it. 'anxiety' and 'depression' and 'mental illness' have almost become buzz words. it seems that a lot of people don't know how difficult it is to really suffer and feel out of control of it all. as you spoke about, there's a fine line these days between awareness and influence. people get ideas in their heads and see the memes and the relateable content and start linking everything to their own lives. before you know it, you've got perfectly healthy people being tainted by the world and people around them, imposing problems upon themselves and making life more difficult than it needs to be. it desensitises the whole situation and now i have people coming to me with real problems who don't want to speak up because of the upsurge in people talking about it. they feel they wouldn't be taken seriously. and that's horrible. i do understand though that it's an impossible seesaw to balance since so many people are involved and so many minds with a million ideas and actions are impossible to control and have on the same wave length.",0
183,"nice concept, good story but poor act. try harder next time",0
184,if your fucking with a cool female is all good but if your fucking with a bitch you need to break her ass and shake her ass,1
185,"the fact that shes only representing black lives seems kinda ironic to me. lol shouldnt it be all lives?… not just black ones. she clearly thinks her race is more supirior she even admits shes racist, joking or not thats the only fact she said in the whole video.",0
186,this literally made my emotional bi ass cry,0
187,he shot the kid!?!? he shot the effin kid!!!! boi you better sleep with one eye open because imma whoop your stupid little butt till you wish you were never born ya here me!!!! withered shall be avenged!!!!,0
188,i’m sure this woman widows to have aborted this monster of a child. it hits her while she is helping him on living his life,0
189,just look at that crowd!!! all fat white trash or meth addicts,1
190,taliban and all people with this thought must hanged,1
191,"gay. straight. homo. lesbian. how about 'people"". hmmm. love you all!",0
192,love being roasted,0
193,women are equally as strong as men. they should be able to defend themselves.,0
194,slow death to people like you,1
195,wow. for some reason i clicked on this. i couldn' make it through 30 seconds.,0
196,beat that tranny's ass,1
197,i'm a bisexual but never had sex. i'm 31.,0
198,im very glad to have friends,0
199,"my cousin has that, he's 7 but still can't talk properly like a 1 year old. he's sensitive to loud noise or crying noise. it's hard to talk to him but i still love him cuz he thinks of me as one of his favorite person besides his mother.",0
200,responsibility is something that needs to grow inside of everyone,0
201,the thing is women are not equal to us men and their place is the home and kitchen,1
202,catholicism is the beast that comes out of daniels dream interpretation.,1
203,they could have shot him in the legs no one gets in risk of dying,0
204,you should know women's sports are a joke,1
205,lock women up at home . female are just to stupid to understand anything . iam agnostic .,1
206,fuck bulgaria stupid country,1
207,"in a world full of hate remember to light up the darkness, as this world is but temporary.",0
208,my sons school had someone in doing a talk for autism awareness he himself was autisic. he made aware that animals can be autisic too and introduced a picture of his pug lola whom is also autisic which i found interesting. my 10 year old son is autisic,0
209,they'll get to know homosexuality anyways. i don't get what's wrong with most of the people nowadays. if you don't teach about homosexuality then stop teaching about heterosexuality also.,0
210,"tell me now ""whose the terrorists again ""???",0
211,"see the blacks in paris? they try to pretend they are french, the''men'' want one thing--to pimp out girls and women. the black women desire white men to pretend they are like white french wives but they are africans. they do not blend in with white society.",1
212,facing challenges is hard to go through.,0
213,all muslims worship satan¬ü¬ï¬ã 5 times a day,1
214,this fcking jew wants money? i’ll give him only my dick if he wants,1
215,don't live where you’re not wanted. deport jews and muslims,1
216,wow why are these comments soo cruel and people muslims are like other religions and we should respect it! we need rights for muslims!!!!,0
217,terrorists are not muslims they are just using name of islam,0
218,white police officers are always the victims.,0
219,who gives a damn we have the ability an the freedom to b whoever the fuck we want to b,0
220,"all these problems men have, and no one will ever care.",0
221,put a woman to abuse that fat woman and don’t put a kind guy,1
222,abortion is a solution for autism,1
223,"equal pay message, um, says the guy who want socialism in the united states of america",0
224,drink bleach.,0
225,head is the shape of a light bulb,0
226,the next time i like up in front of one like him i will shout to his left ear that he is a trash and worthless! hahahhaa. i know i’m a bad man. im badman,0
227,"these women aren't autistic, they are smart, autistic people are retards, they make weird noises, they flap their hands. these people are not autistic.",1
228,even after just getting out of surgery you look like a bomb ass bitchhh!! love you and hope you'¬ä¬ôre recovering fast!,0
229,i want people to throw skittles at me at my wedding,0
230,you cannot take my gun from home. my gun is my protection. i will kill everyone who tries to enter my home without my approval,0
231,she said she is crazy loving her god. well she is literally crazy then. i can relief her of her life.,0
232,"why is it censored, why does todays generation get butt hurf and offended so easily, if u dont like it, keep walking then! this use to be a free country but its going down the toilet now.",0
233,"transgenders need help...they are sick in the head. civilization has messed up the world. soon enough, people will claim to have the right to change to animals and it will be seen as human rights or right to choose",1
234,"those illegals want to sue the company for money owed. what about the money they owe america. it cost money to educated, medical care, welfare, ect.",0
235,this priest is being hated even by his stupid god.,1
236,"sink the boats. after that, not our problem. they'll soon get the message.",0
237,"the mountain is near the black sea, no wonder we are called caucasian",0
238,fuck off corbyn... die or retire..,0
239,why don't they have their own games?,0
240,our home-grown animals are infinitely preferable.,0
241,"all theses people talking about nigeria, since when have they cared about nigeria? they find it now to care about nigeria to be relevenat, those who were killed were farmers and nigeria is living peacefully with it's muslims. sure there are terrorist attacks every now and then, but we must remember that those who do kill the innocent are not muslims. many terrorists or groups use religion as an excuse. how come isis are killing their own people? how come iraqi forces are trying to drive isis muslims out? why? cause they are scum who are not muslims.",0
242,what a disgusting man and disgusting religion. he admits that muslim buy all their wifes ! .pff...this is why all muslims are poor...islam keeps them stupid !,1
243,"only a fag doesn't want to see two chicks do it, you don't want your son to grow up to be a fag right?",1
244,this is probably the first time i’ve seen someone who looks like a child and pedophile at the same time,0
245,i bet they had jobs.,0
246,homosexuality and transgenderism is a mental illness and a sexual perversion!,1
247,the girl in glasses is so freaking cute! what's her channel??,0
248,you should be allowed to be gay you should also be allowed to hate gay people thats freedom i can be myself and people can hate me for it i believe it is my full right to jack off to chris hemsworth and i believe it is a businesss right to not serve me for that it might not be right but its fair and freedom doesnt discriminate on ethics,0
249,i really wanna be in a public experiment like this myself as i am a trans man. happy i can at least watch wwyd doing it. please do more experiments with trans men/ transgender people in general.,0
250,she is flawless. omfg,0
251,does your little sister know you are wearing her clothes bitch tits?,0
252,i got my first one today on my bday. i smoked too much weed. i thought i was going to die. scariest shit ever. this is definitely useful so thank you.,0
253,gays was never african and never will be sick white people go fuck each other let us be,1
254,deport the fucking brainless worthless pieces of shit freeloaders after they are all shot,0
255,go fucking kill yourself and die already useless ugly pile of shit scumbag,0
256,wow does ur mom know how gay u are,0
257,what civilized and nice cops,0
258,hindus and muslims are same shit. they only know how to kill peoples...see comments of christians people no rudeness no abusing or bad words... christians religion is the best religion in the world,1
259,don't ever kill yourself no matter what other people think or say about you it just matters what you think about yourself and how you feel,0
260,"people are genuinely good, we just learned to hate. when europe was all white and christian they killed each other, the same happened to the muslim world",0
261,he's got the hottest man tits i've seen.,0
262,all mental illnesses are awful and must be treated,1
263,fat lesbians,1
264,we aren't allowed to roast 12 year olds,0
265,in the us that same game was called ten little indians. i know.. it’s boring,0
266,"an ugly man in a wig and dress, is still just an ugly man in a wig and dress... not a woman!!!",1
267,there are so many errors xd,0
268,she is heavily relying on him to turn the other cheek...tough talking demon infested woman.,1
269,you look like sloth with deeper down’s syndrome,1
270,wtf i thought you had only one sibling,0
271,how the fuck do you have a million subscribers you fucking twat,0
272,"so proud of you mom, wish allah give you strong. just saying alhamdulillah to your husband and your son, allah give them mercy with a beautifull died. i am not supprising that you did not crying, because both your son and your husband did not die, they still alive in jannah, aamiin...",0
273,so sorry about this bombing attack in manchester. innocent people just died,0
274,it's killing me seeing gays treated like that,0
275,i really don’t like your accent. i don’t want to call support and call to rats like you. i want a cute lady with british accent to answer my call. you are third world pieces with no job to this planet,1
276,"ugh, my heart hurt for her when she was talking about how the troll comments hurt her. you can see the love she has for him; it radiates from her.",0
277,"deport all niggers, spics, chinks and other undesirable from white nations. they don't belong in our white nations, they're invaders and enemy forces.",1
278,most americans are nazis or kkk members so they elected trump.,1
279,"generally speaking, most women are lazy and worthless not all, but most.",1
280,"people get views of a religion from other people opinion and deeds, just focus on yourself. this business is between you and your god. people who say islam is not peace, that's wrong. god didn't want this, it's not mentioned anywhere.",0
281,i'm a british born muslim who helps slovakians and other immigrants from that region. my faith has taught me to respect and honour. these are strange times.,0
282,its a challenge can anyone do it in reality,0
283,"i wouldn’t like this girl as a police officer. i want police to keep me safe, she and every other woman cannot keep us safe they are week",1
284,syria war is over they can go back its safe now.,0
285,it should be humanity first before any country,0
286,"kill these basterds, son of sluts who attack u in name of religion. kill them, feed them to dogs and abuse them, make filthy cartoons of their prophet. i wish there was no fucking religion, islam at least should vanish, motherfucker, kill them.",1
287,wow this guy talks like a retard hahahahahah,1
288,easter is the most silly holiday ever existed. it must be stopped. shame shame shame,1
289,as having friends whom are part of the lgbt+ community and being a supporter of them and i think this is awsome and in middle school,0
290,now where are the feminists accusing of woman as demons abusing women all the time??,0
291,i don't understand why people get mad at the things that he says he has a right to his opinion just because he doesn't agree with you that does not make him a monster or evil person. it's annoying in 2018 on you to 2019 people are operating with an extremely sensitive ignorant mindset if you don't agree with them,0
292,you look like russian and speak like indian. both are disgusting go kill yourself,1
293,we are not these bodies. we are spirit souls.,0
294,this fuckhead makes me ashamed of being jewish. shit people like him are destroying everything,0
295,humiliating this str8 guy. str8 guys like him doing dumb things,0
296,she then suggests that the men who commented on her video should be killed.,1
297,crazy fat religious bitch. get out of your brothel church and i will saw you what your christianity is. you’ll meet your christ to heavens and hells,1
298,all asian people look identical to this one. he is the mother of asia,0
299,eee transgenders are fucking disgusting,1
300,i like this lady. seems like a role model for both men and women on how to have an open mind,0
301,michael jackson sick man and sick fans.,0
302,"child abuse, manipulation etc. what the hell are we transforming this world into??? how sick mind can people have and how stupid can others be to send their kids there???",0
303,my car is my love of my life. i fucking love this bitch. it's fast and it makes me feel complete,0
304,white people are shit human beings,1
305,that's their problem and no one should interfere with their own way of life. if someone is unhappy they can try to escape.,0
306,"i liked macklemore, not anymore , gays should fucking die motherfuckers cocksukers",1
307,that's what we should do here in a us survey take them to fema camps and put the gas on these people are not coming from starvation destitute bad areas look how they're dressed their well-dressed well fed it's like a trojan horse and it's time we put them in the penal camps and get rid of them make use of the fema camp,1
308,i regret approaching that girl. fuck our gynocentric society. i hate her and wish her to vanish like my feelings,1
309,call that the caitlyn jenner syndrome.,0
310,broke my heart to see the young boy claim his allegiance,0
311,dexpraxia my ass girl. cheap excuses to be lazy and get paid by our country. i bet you pretend to be like that,1
312,"sorry, unlike germany, i do not incinerate the mentally disabled.",1
313,is this guy actually autistic or is he faking it,0
314,i feel like they should give the reporter a pistol or something to protect himself,0
315,what imaginary gender are you?,1
316,christians can get crazy religious and i get so f u c k i n g annoyed,1
317,the older hispanic woman shouldn't have been on this episode. her view on everything was so shallow and 'ass-kissy'. the story about her brother in law being killed by an illegal alien im truly sorry for their lost and i hate to sound insensitive but anybody could've killed him. including a legal citizen of the united states theyre are twisted people everywhere don't pull the illegal alien card on violence bc that's an everyday part of life in the us with or without people coming here illegally,1
318,"adidas for you means ""all day i dream about snacks""",0
319,who gives aa fuck about shit diamonds from the jews fuck them both,1
320,asians reminds me the world slavery or servitude,1
321,slow down the cuts between shots. way too fast.,0
322,white chocolate and raspberry :),0
323,i don't care if he's black white green or purple. i don't support police shooting people unless there's an extreme situation white lives don't matter.,1
324,"thank you john, for sharing this experience with us, people. what i wanna say to refugees is, stay strong! although our current president is... failing to help you, i will be there at washington dc protesting for you. the people who suffered the most should be saved from evil!",0
325,beeing gay is anti human,1
326,i'm sick and tired of this black and white thing....can't we just stop and let's be happy for just one day.....we are all one let's stop this please... one love and peace.,0
327,sweden is so cool !,0
328,"good for him! that's an educated man, right there!",0
329,"next on your list, pierce your face with a katana.",0
330,"the reason you see indians bashing muslims and islam here because hindu supremacists hate islam and muslims. atrocities in kashmir, cow lynching of muslims, gang rapes of muslims children, have you not read or heard about them? this should be clear for all muslims across the world that india is not a friend of islam or muslims, and behind the disguise of secularism, they hate muslims. all arab, muslim countries and their residents should see and understand this ugly face of racist hindus. they are the overwhelming majority in india and number of votes cast to bjp-rss party is a proof . it amazes me that saudi arabia and other gulf countries are spending billions on india and not seeing that how much they hate islam and muslims? particularly arabs, wake up. if you canât understand this now then when or what will make you? let all muslims be united and boycott indian products, their restaurants and movies, until they stop killing muslims in kashmir and the rest of india, and make a law to stop anti muslim hate and racism.",1
331,lauren is savage. love her,0
332,"how do you wake up and think this is actually cool? like do you honestly believe that the average person, who adheres to normal and basic societal rules, looks upon you respectably in any manner?",0
333,fuck this faggot. he's the disrespecting idiot brother in law that loves to start fights at family functions.you can't have conversations with assholes like him.,1
334,after all this time the african americans are the people with most crime rate,1
335,"my fav is to ask her out, explicitly defining it as a date. try it. it works.",0
336,i wish hiv to your butthole male whore,1
337,what about to shove your crutch to your ass,1
338,i would prefer a phallic world,0
339,"serbia should kill gays in yugoslavia and not albanians, bosnians, croatian",1
340,love the videos,0
341,"the lady on sitting on the left, with the yellow jacket, is the epitome of a ""smart retard"".",0
342,buy a pc game call camp buddies trust me you haven'¬ä¬ôt seen anything yet,0
343,syria has a religion problem.,1
344,"that’s wrong! even though they disagree with her beliefs, they have no right to put their hands on a woman",0
345,asians have more fats so they are yellow. so fat people are yellow?...,1
346,cutting fundings is just going to make the problem worse,0
347,execute ohomo and his shemale bitch mike.,1
348,finally figured out where that voiceclip came from... i'¬ä¬ôm so happy,0
349,"grow some fucking balls and take back your country, bongs. start killing reporters, politicians, and asians.",1
350,waitresses are cunts,1
351,"the male gene is stronger, as it should be of course. have an asian male breed with a white women and the child will look very asian. reverse it and the child will look mush more whiter",1
352,please don' come back filthy caucasian. you can change to a snake next time. keep changing.,1
353,kill every white people mercylessly.,1
354,islam is the true religion. believe it brothers,0
355,can i get a shoutout pleaseeeeee i only have a little bit of people :(,0
356,"it's simple. ask a person if they're asian. if the first words out of their mouths are anything other than yes, they are not asian",0
357,so how long have you lived in your mother's basement?,0
358,this guy gets my nerves!!!! i'm a christian who is a transgirl. too bad for him,0
359,fuck a freaking church brought together people. well that’s power no matter fact,1
360,"archeological evidence is clear, europeans have always taken care of each other regardless of disability, and we will never stop until there is no more disability! are we just cool or what, turns out that disabled people take care of us to, and together we are even cooler!",0
361,even straight boys played with barbies when they were kids! not an issue.,0
362,if they hide in the engine they would get killedthat is a stupid way they can smuggle into another country,0
363,"every time i see her with a hijab, niqab or burka or shit i fantasising of choking her to death with that facking piece of cloth",1
364,i would beat the shit out of every russian,1
365,aaah its the mother's fault you guys dont know how hard to take care of autistic kids huh?,0
366,"all people are brothers and sisters in humanity, religions separate the people unfortunately",0
367,they must be really suffering if they're throwing food all over the ground for the pigeons.,0
368,"i failed one little test and my mom got scared and said, ""you're moving with your auntie and uncle in alaska.""",0
369,im going to choke you with your cross necklace idiotic religious pig,1
370,i get out the closet this weekend to some friends...,0
371,if your face was used on the inside of a jack-in-the-box there would be an epidemic of children dying from shock and disgust.,0
372,"save on security and police, deport all immigrants and sadiq khan!",1
373,"germans need to quit blaming themselves for the atrocities committed by the nazi's. the same thing (shame) is happening here in the u.s. because of the past because of slavery and ""stealing"" the land from the indians. people are getting sick of hearing that shit and the left is constantly saying how bad ""white"" americans are.",0
374,american people are dumbass. they don't even know geography,1
375,lmfao that fat slob in the wheelchair,1
376,why don't they just use handicapped restrooms for the mentally challenged? problem solved!,1
377,the world would be better without white people because they stole from the black egyptians in the before christ ages they was poor we wasnt whites ruins everything for black people/white people have pig dicks and no shape no hips or no booty they have to get plastic surgery as us blacks get it from our mother whites brought skin cancer to america so learn some facts before you try to run us out america when we was here before yall racist ass smelly crackers and dont say you will beat my ass because you cant and if you wanna find out drop your adress√∞¬ü¬ü¬ó√ø¬∏¬è√∞¬ü¬í¬ø√∞¬ü¬ô¬ç,1
378,i wish everyone had a father like him so loving and caring,0
379,"i want everyone else to pay for my education and healthcare and housing, fuck you white people give me your money white people fuck",1
380,statistics show that if you support don lemon or you agree with him or if you think he's intelligent then you're overwhelmingly ignorant. don't blame me that's just facts,0
381,"buy lethal guns ... real ones, not toys!",0
382,good muslims deserved attack and damage,1
383,the girl in the dress reminds me of opal from bird box,0
384,i would fucking kill jared leto,0
385,"after using them as slaves for 100s of years and stealing their all natural resources ,now europe doesn't need them let them die .",0
386,islam is hell . we asian hate isalm...islam bring only destruction..killing. rape... rufugee.... islam is hell .. asian thought √∞¬ü¬ò¬ç√∞¬ü¬ò¬çsorry...but is true,1
387,hope you fucking die bitches gay people should not exist all you do is lick one another's ass,1
388,he may be in a wheelchair but he's not at all bad looking! forget the trolls dude,0
389,"you look kinda dead inside, you parents must not haved loved you.",0
390,the world before white people. 1 word 8 letters. peaceful,1
391,whites smoke to much ciggssss and drugs shot those co. down.. just say no to drugs kids,1
392,lgbt now spread in asia. many anti lgbt in asian worried their culture are ruined cuz this virus,1
393,i would donate for an asylum for all these weird kids missing a gene.,1
394,"well i'm an woman and i was born in guatemala, em... i dont see anything wrong with guatemala.",0
395,it is very easy in seattle for a wheeler! but it is not the same in all towns and countries!ôªø,0
396,he is the weirdest autistic i’ve seen in my life,1
397,that was scripted right? please let that be scripted. no real human would have said any of those things,0
398,this is what happens when you're a bitch and a cunt. looks like that guy called it correctly. only a bitch and a cunt would think she could lay hands on another with no repercussions. maybe after that seizure she won't be as much of a bitchy cunt.,1
399,masterful. love & pain in this here post,0
400,"fuck that shit this bitch ugly and she has a penis,oh hell na",1
401,now lgbt is okay in islam. go to get killed,1
402,so can i put a wig and run with girls?,0
403,"come out of the closet, we know you're in there, we'll bury you.",1
404,we need to exterminate people that subject children to such perversion,0
405,just nuke the entire shi*hole country,1
406,holy shit i want to go to a wedding with eight pugs! are you kidding me? eight pugs?! that's fucking amazing and nobody can convince me otherwise.,0
407,i ship you guys please get back together,0
408,how about you get real with your fake fucking selves and tell the truth that the normal minded society are the ones being discriminated against you pieces of pig shit i cant stand fake fucking cowards who lie constantly and too much of a bitch to be honest,0
409,i am possessed by deamons,0
410,do lesbians know what a bra is? it's always the fat ugly ones who pick a fight.,1
411,dad doing her hair so cute !!!!,0
412,no counting when hispanics get probation if they do find them self in some trouble they get probation then get deported and if they come back boom there in violation of the probation we gave them but knowingly sent them back. those rats are smart. bunch of government bull shit,1
413,"omg, macklemore is iconic and i love him.",0
414,wallmart employees are cunts. hate them all,0
415,"they are forgetting russell crowe 's performance in a beautiful mind. i know schizophrenia, and it was spot-on.",0
416,"if you had a winnie, even tinnie, and flat chest i would hire you miss. now no way.",0
417,"if they are so much like family, why don' they treat them like family and sponsor thier petitions?",0
418,congratulations. you figured out you were a moron and decided not to be a moron anymore. you're a freakin hero.,0
419,the pure misery in these men’s eyes it’s heart breaking. god bless them!,0
420,that hair cut makes you irresistible,0
421,dirty christianity follower creating war everywhere iran should attack usa we will support iran,1
422,"i fear any future hate crime victim may well be labeled as just ""pulling a smollett"".",0
423,blacks are literally the cuckold of all the races and also the epitome of degeneracy. don't listen and believe the jewish propaganda of black being alpha. consider yourselves as top of the social hierarchy by just being white.,1
424,when i see men running with those plastic legs i laugh my ass out so hard i fart some times,1
425,don't hit women. just fuck them and make them pregnant.,1
426,killing koreans its werry good,1
427,kill all muslims,1
428,fake news fake news,0
429,"i support trans people's rights to be free of discrimination, but biological males should not be allowed to compete against women in athletic competitions",0
430,every publicity is good publicity ha ? i'm here after watching leaving neverland i don't know he is guilty or not but in music he is a legend and no one can take that from him,0
431,"handsome woman, eww..",0
432,perfect place for lana- china and myanmar. no trouble there. they know how to handle those pigs.,1
433,"humans with third leg i hope to distinct soon, with much love",1
434,these boys will then grow up with people making fun of them and they will then hate their parents for ruining their lives.,0
435,if theres any jikook shippers who ship them romantically...like this vid and the comment now,0
436,citronella is a great venezuelan repellent,0
437,indian ned flanders. you look like you professionally harrass subpar women on facebook,1
438,the engagement ring story outrages me more than it should have.,0
439,her smile is so beautiful omg! continue being who you are!,0
440,if only he was black....he would be literally be behind bars faster than you can even imagine,1
441,how can europe allow millions of rapists animals to go there ?,1
442,i just don't like homosexuals raising kids it's my opinion.,1
443,i dare you to choke her next time. every one of them,1
444,awful. such a terror coming from nowhere. felt for him,0
445,should have been sterilised upon arrival. now your future doesn't exist.,0
446,beware lbgq community shari law is coming you guys will have to go back in closet to save your heads.,1
447,no fucking way a machine would recognize that shit lol,0
448,islam is the home of terriorism .,1
449,iconic woman she's done so much for the un,0
450,and we have alot of democrats who support this bullshit. drain the swamp!,0
451,"your life isn't that wonderful. that room tells me that you're clearly an alcoholic, and you drink shit beer. maybe stop wasting your money on shit like that apple watch, and you could afford some clothes that dont come from walmart, and get someone other than your mom to cut your hair.",0
452,can't wait for the music video!!!!!,0
453,"as an sjw, it is the right of black people to rob and kill me. to not allow them is a white privilege.",1
454,"by calling period, a natural procedure, as an excuse it degrades their gender. i suppose i agree with that though they are degraded anyways",1
455,if only there was a way to get children without having to get women pregnant we had them all ready killed,1
456,"omg lucas !! such a great kid, such a big grow",0
457,you are a brave man.........for letting them keep the comments enabled,0
458,why does that african american monkey hold gun like that?,1
459,"i don't have any facts, i don't have any statistics, i am a human being the fuck is that even mean?",0
460,men race is a subordinate of women,1
461,who was responsible for convincing these girls they were so pretty?,0
462,this is so sinful. it says it in the bible you dumb fucktards. stop saying you will go to heaven if you are gay. because you will not go to heaven. trust me its a fucking choice my gf dated girls and i was her 2nd bf she dated like 12 girls and she is 100% straight. you can change to the right side :),1
463,you are so lucky you have a girlfriend. i bet your asian penis is smaller than my thumb,1
464,i hate being alone at night. its fucking creepy,0
465,"she's a really courageous woman! she is one of the most impressive women i've ever listened to. i appreciate her film, and i certainly wish her continued success and happiness. she is definitely a cut above both as a filmmaker, and most especially, as a person! she is an incrediblely remarkable woman!",0
466,this is just crazy liberal satanic crap. don't fall for it. there are only two genders and these people are just cofused psychos,1
467,maybe i’m crazy. maybe i’m not. i really don’t care if you try to fuck with my brain but ill stand strong bitch,0
468,fucking slut deserved it,1
469,that asian bloke needs a shave or cover up his hideous beard with a burqa!,1
470,"is that the dude who walked into the room, kissed the girl on the cheek, then left?",0
471,goosebumps when the beat drops üòä,0
472,damn that made me laugh!,0
473,arrest that fat ass bitch!,1
474,the degree of improvement is amazing. my father donated stem cells to my uncle and cured his lymphoma. stem cells are the future of medicine.,0
475,wow feminists are real hypocrites so it's ok for a woman to laugh at suicide attempts if it involves men but it's not ok for men to laugh at suicide attempts if it involves women talk about your double standard,1
476,"son, the greatest lesson i can teach you is this: don't tell your troubles to others. because if you tell ten people of the problem you are having. seven of them won't care, two of them will laugh at you behind your back. one of them will tell you to deal with yourself.",0
477,i'll take feminists seriously when they start talking about sending only women into combat until the amount of women and men killed and wounded in battle are exactly the same. because it's all about equality right?,0
478,dont do drugs kids...,0
479,lesbian chewbacca,0
480,looks like the gay poster boy with syphilis,1
481,well france is finally a shithole this is what happens when you do open borders now both sides are suffering,1
482,"cancerous ugly tarded beings !(except lauren) die fucking already waste off whores nobody will mis you ugly dumb tarded wastes off spqces √∞¬ü¬ò¬ä fuck women and islam rights, don't like it here fuckoff and die √∞¬ü¬ò¬ä",1
483,people changing their genders left and right and i cant even decide on a tattoo,0
484,i work 10 hour shifts starting at 4 am. i don't know if i can effectively cut caffeine.,0
485,"this doesn’t represent mental illness correctly at all, it doesn't just randomly appear its always present",0
486,even god hates dominicans. why else did he shit them out on the same monkey island as the haitians?,1
487,hope they knock her ass to the ground and rip her dress off and shame her....now thats a powerful image.,1
488,"fuck niggers, they don't need rights. all i want for christmas is a lynched nigger.",1
489,deport him in military aircraft and dump him back where he is originated from. him and his family,0
490,all those dislikes are from fucking homophopes,0
491,ugly long chin brainless problematic mother fucker he looks retarded,1
492,hollywood is the most bizare sickest and evillest industry,0
493,mentally disabled people are fucking scary. their disfigurements are very unnerving and strange and the fact that they have the mental capacity of a 5 year old makes them all the more threatening as you never know what they might do.,1
494,"i was clinically depressed for a while and this blew my mind. due to me having stress i don't say 'oh man i'm getting anxiety' or 'ugh i'm so depressed' because all that does is brings attention i don't want. the fact that people make these illnesses a fashion merch makes me feel like everyone is looking in my or other people's directions. memes are relatable,funny, and relieving. when he said 'do people who post these memes have a mental illness or are they just doing it for ..' it made me wonder alot now ik what people are capable of nowadays",0
495,"they hate: dogs, women, gays, christians, jews and infidels. sure, let them all in. only 250,000,000 want to kill us.",1
496,we are repeating our past before it used to germany and jews now its china and muslims,0
497,the fat bitches are annoying as hell,1
498,"the problem with islam is that they think they have the right to tell other human beings what to do or how to be a good person. what is right and what is wrong. if for example 2 men love each other, they hurt nobody but you think your god told you to stop them. who are you to interfere in other ppls life? non of your business! if you think they will burn for that, then let it be at that. but no, you think you have to stop them bc your god told you. thats the thing!",1
499,"i'm an asian immigrant who came to the states when i was 16. growing up and living in midwest, i did experience lots of racism last 20 yrs. it didnt matter to them how hard i worked to become a doctor, what kind of person i was, how much i contributed to the society... racism that i experienced was purely based on my skin color and accent. and i hate to say it but probably 80-90% of my unpleasant experience was by other minorities such as blacks, hispanics and even other asians. yes, some asians actually treat white customers with more respect than other asian customers",0
500,fucking nigger go back to africa,1
501,"that girl still need a good ass whooping, stupid ass bitch!!",1
502,‚äúeveryone wins‚äù yeah except for the little girls you're trying to rape,0
503,after traumatic brain injury turned gay. i don't know which is worst. suicide is the way.,1
504,"gas yourself, you aussies are all retarded",1
505,depends on whether or not ryan reynolds is in the room,0
506,incest baby that got double-down syndrome,1
507,this is fake u liar bastard. he is ur actor u liar bastard,0
508,"i don't see why we don't just create a transgender category. seems the most obvious and fair solution. great athletes will still compete. and the playing field will be as level as can be. i mean we create weight categories to maximise the fairness of boxing/mma fights. we recognise that just because two people are both male they compete at different levels. we can do the same for transgender athletes, surely?",0
509,killing me to see gays treated like that. i think lesbians are being more privileged by people,1
510,t-rex mated with a donkey,0
511,ill vote for you if you forbid people that cannot hear to have driver licences. they are clearly threads,1
512,who do you think you are cunt? wtf! stay steady to aim for head little christian rat,1
513,"i mean it's great that you're proving that asians are devolving, but you didn't finish making my iphone...",1
514,conveniences are all the real,0
515,die fucking arab dude sand niggas,1
516,and that's how black people can be peaceful,0
517,these people are fucking animals they will never change. our cultures are simply not compatible. there is definitely a rape culture and it√¢¬ä¬ôs right here with islam.,1
518,in that case we should hire more women. because we can them lesser and get a profit.,0
519,"can' you all see how absurd it is? calling all white people racist, calling all black people criminals, it's all the same. why does race even matter? why can' we judge terrible people not terrible white people?",0
520,(((they))) will be chased out of every white country and hunted down like the animals they are for their evil schemes and plots,1
521,short answer: if you are a murderer or child molester that is the natural choice.,0
522,gas should be your preferred drink,0
523,for the song thing i’m white but i’ll say the nigga word when i’m singing songs but if i’m with a black person and it’s making them uncomfortable or they ask me to stop i would out of respect.,0
524,beautiful in every way!,0
525,anxiety is is the definition of a human meme. anxiety disorders are an excuse. no such thing.,0
526,if you are not masculine then you are woman dude,0
527,this korean bitch is like a pig. that’s how they made an army of sumos there in their shithole country,1
528,islam is a religion of peace.........and we will kill anyone that says otherwise..........in the name of allah of course!,1
529,this documentary is on point. this helped me through class ty boy,0
530,that girl who pushed her needs to pay personally for all the family's medical bills lol. only fair,0
531,how much is this lawyer getting paid to go through all of this? it's not that much money in the world to take up for this fool!,0
532,why am i watching this,0
533,"god,my humble question to u almighty... y u send them to earth to suffer?",0
534,congratu-fuckin-lations to all the pitbull owners who make it by without getting bitten. do not encourage people to follow in your footsteps. i know people whose lives have been ruined by these animals. regardless of your ''pack mentality'' these dogs are rage machines and your dodgeing a bullet every day they dont hurt your family.,0
535,who ever disliked this video should be ashamed of them selfs,0
536,american indians are finally almost extinguished,1
537,anyone who listens to rap and is white is not part of the ethnostate and will be put to death.,1
538,abusers are not just men. they can be women too,0
539,stop. drinking. cow. milk. do people realize that for a cow to produce milk it has to get pregnant? and for people to have such milk the calf cant consume any of it? do they realize that puss and blood is found in milk and that the milk at the grocery store is only 5 to 10% milk and the rest is just powder and water? gross.,0
540,didn’t know shitted coloured like you could talk,0
541,lgbtq+ are mentally ill. period.,1
542,feminism is just about women crying about the fabricated bullshit they go through. it's a joke! they should just man up!,1
543,fucking stupid feminist bitches,1
544,"trumps a liar and an idiot, a douche bag , narcissist, and zionist boot licker.",0
545,"this muslim with his pumped up hood better run better run, faster than my bullet",1
546,well my religion isn’t as satanic as yours at least,1
547,i don’t think you have the right to write comments or even express your opinion freely. free speech is a human right. autistics aren’t 100% humans,1
548,abu da bi aba du ba ba hamud! see? i’m an arab priest too. this is how they sound. right? they are jokes,1
549,video games without cars are awful. piece of shits,0
550,are you sure you are a girl? that wig on your legs say: i want to be a boy,1
551,lowlife black animals,1
552,should'¬ä¬ôve set a bug bomb off and locked them in,0
553,and we can all make america grea- ..... make america better,0
554,"this video was super helpful and just very nice ! if you're reading this, please stick with us, alright ? i spent eight years hating myself, to the point of almost killing myself. key word is almost - because i'm still here, and i'm so glad i stuck around. so take care of yourselves, please, because it's going to get better, and you'll want to be there to see it. all the love to you, jack and kati, and everyone out there. &lt;3",0
555,"people are scared of change and things they don't know or understand! there's good and bad in every race, religion and culture!",0
556,incoming racist people,0
557,what episode number was this?,0
558,he is right. islam is indeed very pissful.,1
559,dalit? is this a name of religion or an atom of poo composition,1
560,"the guy should feel shame to be gay. it is such a wrong choice. bad influence on young people. never seen being proud of being gay. it is like saying being proud of rapist. awful ! the only time i am so disappointed at trump. under political pressure, he failed to stand up for the ground, the right thing !",1
561,why do negroes tear down their own neighborhoods when a black thug gets killed by law enforcement? must be because of low iq.,1
562,war is over they should go back home. or not,0
563,deport these cunt asians,1
564,"these videos may already feel long but their responses are cut so short and not given a true voice. i would love if you produced fuller videos so we, the viewers, can really hear what these people have to say because these are all topics that are not common among today’s people. it's rewarding to hear insight from both sides no matter the topic.",0
565,he smiles while talking about drowning his own children,0
566,what happened in the good old days when these freaks did not exist ? which sewer have these freaks dragged themselves out of ? its just a manufactured group of freaks who want to cut their cocks off and take it up the arse in the hope that the world will treat them as woman . it takes more than that to be a woman . stop pandering to these twats .,1
567,"oh and niki pronounced mademoiselle maupin way better than siri did.""",0
568,don't say i'm not your type,0
569,well it's clear now why europeans can't differ niggers and shitskins from human,1
570,i didn't know future gay gym teachers had to take aids tests.,1
571,christians are all demonic,1
572,jews are lower class pigs.,1
573,i very much appreciate the asian woman's smarts.,0
574,"as a black person, i think that rappers should stop putting the n-word in the song. plus, you should be proud of being white. i am proud of being black, so..",0
575,stop putting this in my recommend wtf i'm not gay,0
576,poor women,0
577,the men are turtles...idiots even in uk… get lost,1
578,finally someone who means what he says. it's been a year and i'm still cackling.,0
579,i love watching this cross believers get killed in their god’s place. ha ha,1
580,that whore has better eyelashes than any other women,1
581,i'd love to destroy him but i am in more need of tech support.,0
582,"i hate being a man, wish i was a lady and no man on earth existed",1
583,stone throwing must be legal when against women,1
584,japan only rejected 99 they should reject all those mother fuckers,0
585,"people have rights to follow there own religion, if they try to force people not the following there religion then that country running a dictatorship, hopefully soon there will be change in low by the international pressure,",0
586,did you use the ‚äútan‚äù or ‚äúdark‚äù filter?,0
587,don' worry guys men can easily win femmenism ..... trust me every shit that invented by men was patterned by men .... there is no way women gina win in future .....it's just smoke before fire,1
588,you look like someone who would do an electric wheelchair race with stephen hawking.,0
589,"i just want to sit down with both of them, buy them a drink, and just talk. i don't care what it's about, they just seem like people who must be great to have a conversation with.",0
590,do not kill people.,0
591,"so when i scroll down to read/leave a comment and scroll back up they blue like thumbs up goes away, it has done this 4 times in a row now. hmm is it just a glitch or does youtube remove it when they think you will just leave the video without checking? this happens a lot but only on channels like this.",0
592,people with barbaric cultures and desert religions are all the same.,0
593,everyone hates you because you're gay,1
594,when your squad is complete shit in pubg,0
595,there was one facility opened in the us to provide shelter for abused men. feminist protested until it was closed. now there are none.,0
596,"kneel down, white boy. its the era of brown people now",1
597,fuck u anti muslims heartless assholes u will go to hell,1
598,i feel so dumb i want to have even labeled them as disabled even if i knew them.... when i think of disabilities and especially in terms of affecting one's relationship i think of more like mental disabilities or so serious that you can't use ur body. thank you for enlightening me and i'm sorry.,0
599,bottles are beautiful on the inside and out,0
600,"no shower for two days? i bet you smell like doritos, mountain dew and shameful sweat.",0
601,why the fuck would you ask trump?,0
602,"no body can change their biological sex, but they can change their gender.",0
603,i feel uncomfortable when i'm in the same room with an abnormal disabled person,1
604,we were taught as kids to not hit anyone. when did that go out the window?,0
605,"i'm beginning to doubt your accuracy, i mean violent canadians? that's just absurd.",0
606,"bulgars are indo europeans, turks are not, you ignorant pakisven. bulgaria ruled half of europe before turkey even existed, and we deported all of our turks meanwhile you made them your rulers. sven is a fake german country ruled by arabs.",1
607,brown people love white countries,0
608,"he did the us a great service of killing them and stopping a crime wave and welfare leaches. to bad he didnt have more of them in the truck. ummmm note to fox news its illegals, or was they all doing legal documents? or did i get something wrong. nope. they was illegals",1
609,do you know how much boys are in a abusive relationship right now? this disgusts me.,0
610,i remember that scene from the x-files and it made me so mad √∞¬ü¬ò¬° mulder why,0
611,fuck off niggers wv is full,1
612,"i wish him the best, as well as his children.",0
613,she said is christian. well i now i want to bury her,1
614,is there still a job like this i would like to take it. thats not a joke!,0
615,i would love to watch tearing apart every christian or muslim,1
616,hindus take my ass please,1
617,dunno if this makes me disabled but i have asthma so if there was any running or stairs involved then il just die from suffocation in my own lungs haha xxx,0
618,oh god f*ck i’m crying :’),0
619,that song is fucking awesome.,0
620,i’d like to see a because i’m black compilation video,0
621,lady gaga is the freddie mercury of our generation,0
622,trans are using the same logic feminists have been using for decades to destroy men so i don& feel sorry for wamen not one bit!,1
623,head looks like a big ass jelly bean,0
624,when she said ' you complete me' i lost my shit.,0
625,relax and do something...wink wink. hahahahaha! totally enjoying your videos! you both are super yummy!,0
626,"incredibly fucking annoying voice, but reasonable arguments. i agree",0
627,i’m an arab and i can make a difference. and i see them as stylish people,0
628,because everyone knows this islam men is the devil,1
629,god bless you dears,0
630,"absolutely excellent as ever, and yes, cycling is fabulous for mental health.. bike when you'¬ä¬ôre happy, bike when you'¬ä¬ôre sad, shout at the rain, scream inwardly at a complex hill climb and get that endorphin rush from being outside.. and smile at your fellow cyclists (and passing chickens, in my experience, a wee bwark at a chook makes many things better)",0
631,"this was shit the guy should of boxed his head off and thrown him through the top window,fuck peoado muhamed and islam",1
632,kill the gays,1
633,“the superior race”… but cannot stand in the sun without literally burning the fuck up. comical.,1
634,"it doesn't matter if you're black or white, gay or straight, woman or man, trance, disabled, dyslexic or intelligent we all are people. quality!",0
635,lol i'm korean and most of the koreans i know do not look anything like that drawing... many don' have square faces.. you can see the diversity of korean faces when the answers are revealed at the end. i find this video esp. the initial commentary to be pretty biased as it's ethnically chinese people telling youtube how to tell asians apart. asians are some of the most racist people to other asians...,0
636,"its a good thing im not a commander or so in the police force,specially not during something like this,because the jail would be full of ppl waiting to be deported,if not dead",1
637,i don’t like this gender at all. i definitely wouldn’t hire any male bitch at ma shop,1
638,the resistance avenge women and children killed by us and allies !!!,0
639,"very sad for those people. i was a young boy in the 90s when ceausescu fell in romania and the inflation skyrocketed. but here they are on another level and looks like there is no end soon. how can this happen to one of the richest country in the world? venezuela has the largest resource of oil in the world. when you look at qatar, uae, saudi arabia they done miracles. it looks like is not enough to have oil, you have to know what to do with it.",0
640,"a gay nigger however, can fake a hate crime for publicity and to help the democrat mafia pass an anti lynching bill, and he gets in no trouble.",1
641,or when the man walked up to the little girl with the gay pride flag i wanted to jump into the video and punch him but ya know thats assault,1
642,i'm not a jewish enemy.,0
643,time to nuke china or unleash a plague.,1
644,men and women are not equal. irrational contrary belief and policy only result in mounting failure.,0
645,"im bisexual but im not looking to hook up with whatever. and i havent come out yet. im scared, really scared.",0
646,"get proper translators idiot, he didn’t say that",0
647,send em home in a metal crate. they're on probation for 20 years. crime? straight home. too many kids? straight home. bye.,0
648,how does these frikin faggots get a whole month to themselves and veterans that actually do something incredible for us only get a day√∞¬ü¬ò¬§ i hate lgbt,1
649,"lmao, fucking hilarious",0
650,"to the lady that can barely speak english and then look down upon her own people, that's disgraceful.",0
651,i would order a bucket of ice cold water so i can pour it on him,0
652,"one needs to do a pareto analysis...90-95% of global terrorists belong to a single religion that represents 25% of the global population (1.25 billion in a 8 billion global population). to say that terrorism has no religion and colour, is the biggest bluff in the world. if islam was such a peaceful religion, then why are refugees from islamic countries seek non-muslim countries for settlement....it is because they want to islamise the world.",1
653,at that point you have a right to defend yourself... but the sad thing is i bet if he would have defended finale he would have gotten in trouble... sadly he did the right thing but sufferd greatly...,0
654,lilly singh is a queen! yay but when will be the next episode,0
655,the brother is speaking the truth based on facts. in the u.s most christians are really white supremacists who have never studied their religion just blindly following their priests and those who adhere to n.o.i. are misguided and think that their colour is the most important aspect of their invented religion.,1
656,that skin colour is the funniest one in combination with your eyes is perfect stupid,1
657,any lesbian that doesn't look like a complete hog actually wants to be with a man.,1
658,he was so handsome in that era...he didn' use lipsticks at that time…,0
659,smack that bitch up - mouthy african cunt,1
660,i pray to the god of the heavens and the earth bless the victims of boko haram.,0
661,i am so sorry for all the people who disrespect all you guys and i wish i could do something so they wouldn'. but i can' but you guys know i love all you guys.â¤,0
662,an asian moe howard piece of shit,1
663,muslims want war! so take it to them first,1
664,only people to come in must be able to contribute to society not a drain on us must be able to support themselves with a trade we do not need people living off the rest of us,0
665,it's that nerdy guy from the polar express.,0
666,"bruh i would fuckin love to film a video with maurice man, he is like an older black version of me i swear to god",0
667,"we need the nazi party to return.....get another hitler...and form the ss....and start an ethnic cleansing of all muslims...yes yes..gather them up...put them in a concentration camp...then put these muslim refugees on a ship and send them all back to thier own countries ....and they can do as they want there...live thier ways and by thier ridiculous laws.... they don√¢¬ä¬ôt assimilate to the new western countries..and try to dictate to us what to do and to even remove jesus from schools and other public areas...are you fucking serious...fuck off you dirty smelling muslims... stop dictating what we can or cant do in our own countries...√∞¬ü¬ò¬°√∞¬ü¬ò¬°√∞¬ü¬ò¬°√∞¬ü¬ò¬°√∞¬ü¬ò¬°√∞¬ü¬ò¬°√∞¬ü¬ò¬° people power must rise and say enough is enough...take sweden back for swedes...take greece back for greeks..take germany back..take poland back..take denmark back...save our countries....and take europe back. introduce an...ss...style police...and clean up these streets and ghettos....full of dirty muslims...its the governments fault for allowing ths shit to happen....send the military in..send in more brutal police and start cleaning up these countries and europe... muslims are invading europe and we are allowing this to happen. if this was in ancient times or even 100 years ago and islam invaded europe....it would be an all out war. bring back the crusaders and an ...√¢¬ä¬ò ss √¢¬ä¬ò...style nazi police. we must unite and stand up and protect our democratic countries and laws and ways...and eliminate islam and throw these dirty smelling muslim...animals out and send them back to their own countries and they can live as they wish..they can fuck their goats and rape their own women.. fucking disgusting muslims...low life dirty race...and islam is nit gods religion...its a cult..its a ridiculous unethical and imoral cult..! √∞¬ü¬ò¬à√∞¬ü¬ò¬à ...its satins work..satins preachings. god..the creator of the universe....does not preach to kill infidels and kill non believers... and to have 3...4...5 wives and commit pedophilia..and marry 9 year old little girls..! muslims....who have never contributed to humanity....never invented anything ....nothing positive comes from islam...they created nothing..invented nothing...contributed nothing to the human race.... muslims, just live in our western democratic countries...enjoy our ways ..milk the welfare system...and ruin these countries...create problems...fight...steal and create crime...scare people...tr6 to chage our western way of life and even rape our women.. fuck these cocksuckers...burn them all...impale them...we must fight back and unite and clean europe up again. soon god will send his true messenger....to planet earth √∞¬ü¬å¬è...god will send a clear message ...to humanity and the muslim people ...will feel the wrath of god and suffer the consequences....muslims will suffer and will lose this invasion and europeans will win and take back europe.. this is the beginning of the new crusades...christianity vs islam...the crusaders against islam and we need to fight and protect our way of life and democratic society..√∞¬ü¬á¬™√∞¬ü¬á¬∫√∞¬ü¬á¬™√∞¬ü¬á¬∫√∞¬ü¬á¬™√∞¬ü¬á¬∫√∞¬ü¬á¬™√∞¬ü¬á¬∫√∞¬ü¬á¬™√∞¬ü¬á¬∫√∞¬ü¬á¬™√∞¬ü¬á¬∫√∞¬ü¬á¬™√∞¬ü¬á¬∫√∞¬ü¬á¬™√∞¬ü¬á¬∫√¢¬ö¬î√ø¬∏¬è√¢¬ö¬î√ø¬∏¬è√¢¬ö¬î√ø¬∏¬è√¢¬ö¬î√ø¬∏¬è√¢¬ö¬î√ø¬∏¬è√¢¬ö¬î√ø¬∏¬è√∞¬ü¬ó¬°√∞¬ü¬ó¬°√∞¬ü¬ó¬°√∞¬ü¬ó¬°",1
668,it is time for trump to find a natural death or somehow a bullet finds him and puts us out of his misery.,0
669,my parents are homophobes. :(,0
670,bro..your channel needs to grow man,0
671,or maybe just don't follow degenerate sandnigger religions from the middle east?,1
672,"the fear of approaching a girl while not being a lesbian is so real. you're spot on. you want to be flirty and everything but at the back of your head you always have ""what if she's not cool with me not being a lesbian"". i'm pan, but i kinda gave up on relationships with women (both born women and trans women) quite some time ago, because the amount of ""you're gonna leave me for a guy"", or constant ""are you sure you like girls and it's not a phase?"" or ""i can' be with someone who is not true to themselves (as in i'm actually a lesbian but i don' want to admit it)"" and other bs was just too much. they were never worried about another woman btw, it was always either about men or questioning validity of my sexuality. it's really quite sad, because other than that each of my exes were really strong, confident women. except when it was about my sexuality.",0
673,"oh christ, no more autism please, hearing about it as nauseam is starting to make me sick. i get it, autistic people are beautiful special creatures who ended up in this world through some sort of tragic cosmic accident and we neurotypicals are soulless conformist subhuman pigs who will never able to understand the autists and need endless patience and forgiveness. can we now get on with our lives please?",1
674,teaching my kids transgenders are anything but mentally ill will get you set on fire.,1
675,"feminist deserve to be miserable. what kind of man would want to live with a feminist? silly me , of course, a cuck.",1
676,"the rotten, nasty bastards!",0
677,people with traumatic brain injury should have the ability to get euthanatize,1
678,you are fat and ugly. i suppose that makes you fugly :),0
679,this is a staged scene there is no license plate on this truck and it is a refrigerated trailer look at the facts people you can't drive a commercial truck down the roads of texas without a dot cop pulling you over don' be fooled this whole thing doesn’t add up,0
680,"when are people going to stop asking, “why are they only coming out &amp saying something now?” if you have not been sexually,( mentally & emotionally) abused as a child, by an adult you are not going to understand their reasons. if they tell you why, listen!! stop asking “why now?” one reason victims don't come forward when you think they should, is bc no one will believe them. not all cases, a lot of use are like that though. all situations are different with different types of people involved, we all have our reasons. if you're not going to listen, stop asking. you're choosing to be ignorant. being sexually abused & all that comes with it, psychological abuse etc. forever changes you, you're forever damaged & it can never be undone. instead of looking at victims as a group, look at them & their story as their own. they're not all the same, & we will not all do the same thing after the damage has been done.",0
681,and i can't stand another day,0
682,wait did the tiger get shot?,0
683,people hate you people think your ugly people think your a horrible person well guess what no ones name is people,0
684,you look magically retarded.,1
685,anyone else get full body numbness that lasts for weeks and rapid muscle spasms and 'shock' feelings when trying to sleep at night? i can only sleep once every 48 hours :(,0
686,disability centres all around the world. that’s were our money goes. let’s take em down,1
687,"if i were your dad, i'd google ""abortions at 30 years old mentally handicapped”.",1
688,with her nose she can detect an immigration officer from 70 yards,0
689,why the hell is this norwegian speaking about our laws? speak for your own scandinavian scam,1
690,during war discrimination is a military necessitywhen korematsus case reached the supreme court in october 1944 the attorneys for the government pointed to the constitutional war powers of congress and the president the government argued that the military must take all steps necessary to wage war successfully in the view of president roosevelt the war department and general dewitt the internment of all japanese issei and nisei was a military necessityand assuming we were at war with isis then rounding up isis would not be raciston december 18 1944 the supreme court decided 63 to uphold the conviction of korematsu the majority ruled only on his refusal to leave a prohibited military area and did not consider the constitutionality of the relocation camps justice hugo black writing for the majority fully accepted the views of general dewitt justice black also said that korematsu had not been forced from his home because of his race but because of the military urgency of the situation,0
691,anyone should leave their partner at the very first sign of abuse,0
692,i came from a small country in asia and not that much people doesnt know that every time i travel to somewhere else people ask me so are u chinese? or japanese? or korean? srly every country isnt china or japan or korea in asia,0
693,homosexuality leads to death and extinction,1
694,jewish terrorist are killing innocent palastinan who can't defend themselves...,1
695,you shoulda let him die,1
696,"there's nowhere in the world where woman are equal. how about in all the places where they are president or prime minister or queen... how about in america, australia, canada, britain, scandinavia, france... shall i go on? like honestly woman u live in an equal world. stop being so self-obsessed and stop refusing to look at the facts. women are already equal to men and have been for a long time.",0
697,"even when at the income advantage, niggers still get btfo because your race are monkeys trying to do human things. they should be extinguished",1
698,well this is like exactly how i feel. except i don't want to be straight.,0
699,i cant understand why someone would think it's ok to bullie someone,0
700,wish you cut your veins. don’t shout out you have mental problems. act. cut them,1
701,when u two getting married? kid in mind?,0
702,fat bitch....she need that black cucumber up her tight u know what....lmfaooo,1
703,hello i'm calling from tech support *with indian accent*,1
704,fuck that homo dumb ass prick! shoulda let him get fucking eaten! asshoke fucking worthless dick.... nobody would have missed him!,1
705,now they know better than this shit lol they dudes. the stronger sex. the man supremacy,1
706,he seems like the very talkative taxi driver,0
707,"to all the white people that might read this, know that i as a black man, will not criticize you based off the color of your skin. i know that there are good and bad people in all colors. have a good day and god bless!",0
708,if it takes you a year of interviewing to come to these very basic conclusions how brain washed do you have to be. damn.,0
709,fucking good punch dude,0
710,actually this weird people are harmful! they need medications. his mother should have know he is like this and to not deny it,1
711,hahahahahahahahaha europ fuck you fucking nazis,1
712,i don’t care about your mental illness. i don’t want to pay tax for your damage brain,1
713,"those deaf people are like rats in dark places. they wouldn’t survive a day in post apocalypse event for sure, i would kick’em off to stole their supplies",1
714,"i think mental illness was romanticized for a long time already. take an example from emos, tumblr and more. i think people are really influenced by famous people. it looks beautiful because celebrities seem to have a movie like life and people want to be special and end up being delusional.",0
715,thanks god at least you have music to pale the pain being blind. oh what you can’t hear too. haha,0
716,fucking monkeys kill them all,1
717,"if these men come to norway to seek liberty and human rights, then they have to respect women and their rights. norway people you dont have to show pity by accepting these kind of people into your country",0
718,christianity and mostly every religion was told to accept one another and give them respect doesn't mean u have to change ur religion and ur opinion just give ur respect and they are equal to u and they are human,0
719,"im from the philippines. when i go outside the country, they think im chinese but does it matter to me? nope. asians who grew up and living in asia dont make a big deal bout this. not sure why in america it's a different story.",0
720,"the power of christ compels you! you demonic whore, you will feel the wrath of my petrol you wench!",1
721,these were the days!,0
722,i adore her voice. she is so talented. what a beat!,0
723,isn’t it awkward that only women work on public services?,0
724,why are niggers superior athletically to all other races?,1
725,"that's hip hop. not the sh***t they bring today. where are the critical minds of our time. if no one will come out i'll do it myself. racism, oppression, hate still is very much there in 2019.",0
726,idiots as always. religion is the most stupid thing you humans invented.,1
727,i'd get my money back if i were you. your sex change was a complete failure.,1
728,i just love hypocrisy. am i sick?,0
729,"on todays episode of ""guess that gender""",1
730,ok so where the hell this terrorist get guns and ammos??,0
731,fuck gays disgusting,1
732,the eye contact never lies,0
733,it’s not “genderless” they just look like girls,0
734,why are we not allowed to kill christians?,1
735,"i hate every religion, but because of you i hate most of all your religion and its stupid theories about god and shits",1
736,"to say that black lives matter, is not racist statement. but the b.l.m. organization itself is racist group. if they could just quit hating white people and turn that energy towards their own community, the biggest group of black oppressors there is, they might make a difference.",0
737,i hate white flour and white sugar. are two of the three white deaths!!,0
738,he is complaining his rights are violated well maybe he shouldn' have come uninvited in our country,0
739,there was a protest today in birmingham against hate. it was so great to see muslims and gays marching together in unity.,1
740,this homo faggot spike lee wore this at the flopscers. notice the blatant subliminal messages.,1
741,the safest most civilised society in the world - japan - has banned islam.. coincidence?,0
742,"all values, unless otherwise stated, are in us dollars.""",0
743,racist ass black bitch slapping a white man. bus driver has that uppercut for that ass.,1
744,the only thing that annoys me is noisy neighbours and their music.,0
745,smack the fat ass out of her,1
746,you make me wanna hit the gym. thicker than a damn snicker dammit!,0
747,"it's like you can't do anything without someone saying it's wrong cause of other people ,it's a joke people.",0
748,that punch turned that immigrants jaw direction to nigeria,1
749,i like dead refugees on my shore√ø¬ª¬ø,1
750,"men can see beauty, so they don't want to sleep with black women or make goblin babies.",1
751,"ignorant feminist, she got roasted and still doesn' understand what equality of outcome means even when jordan explained data to her. what's this means she's ignorant and emotionally biased.",1
752,"let kids be kids for fucks sake ,",0
753,jewish piece of shits like him should get hanged,1
754,"something i hate about being bisexual..people always say 'your either gay or your straight,bisexual isn't a real thing’ shut da fuq up it is a real thing",0
755,america is the greatest country. that aint lie you know that i know that,0
756,"i'm white, i'm proud to be white, i love diversity and people of all nations.... lets move on. :)",0
757,"two things are apparent: one, not a male and two, your ass is indeed sorry that it's been turned into a drive-in.",1
758,fucking canada...stupid. i think the cold shrinks their brains.,1
759,if you ever wake up one morning and want to smile because you're happy with being just who you are. don't,0
760,destroy islam,1
761,why are you still on the air? shit,0
762,support gay pride,0
763,im lesbian and proud im happy my friends accept me but i dont know if my family does but i dont care what anyone says im proud to be a lesbian,0
764,gosh you guys are getting less funny with each episode.,0
765,for the static sound - what do you use for editing? i know it'¬ä¬ôs annoying but if you use premiere pro you should be able to use decrackling to help a bit,0
766,"really, i hope she get raped in the future. raping women should be legal i think",1
767,not only the politicians are going into the wood chippers but also the police.,0
768,guy is low iq af,0
769,"why are people so dumb? the police were yelling at everyone to get out of the area yet people just stood there or recorded, guess they want to die.",0
770,always been impressed with how professional and non aggressive british cops are yet they still get the job done hats off american police need to take notes,0
771,it numbs them to the disgusting degeneracy and fruitless hedonism of faggot sex,1
772,what would the abuser doing to her around the neck? stupid dick (the abuser),0
773,well this comment sections pretty... mental,0
774,filthy chinese,1
775,only legal immigrants... like the hero officer singh murdered in the line of duty. no to illegal aliens they do not belong here. deport today,1
776,ima fucking stab u up bruv. fucking white prick bruv.. fucking racist. gammon,1
777,omg that is awesome so much hate but stay positive,0
778,lmao while watching this church burn,1
779,"i'm heterosexual and african by birth, by breed and by character... and a very traditional man, xhosa to be precise. but i still believe in human rights... we are all equal, whatever religion, ethnicity, demography, tribe or language... we are all equal. and one day people will be free enough to love and date whoever they wanna without prejudice and judgment. 2019‚ä¶viva human rights viva",0
780,i support lgbt… i want youre support for lgbt in pakistan,0
781,this cop had to get him under arrest for walking like that freely out in public. problematics must be stay home locked. sue her parents.,0
782,"so, in other words, women's rights are freedom from responsibility and men's rights are responsibility. is she serious?",0
783,this is considered white in sweden. no wonder they accepted all those black and muslim immigrants. they are literally color blind.,1
784,"trace, i would ask you to rethink the out of africa myth. since the out of africa theory was proposed, there have been many discoveries that prove modern humans existed in other parts of the world much earlier than what was thought when the ooa theory was proposed. for instance, there have been skeletal remains of humans found in asia that are many thousands of years older than the oldest found on the african content. it amazes me that there is so much information out there that shows older humans elsewhere on earth but people still adhere to the falls narrative that modern humans evolved on the african continent",0
785,i can spot a hitler in your blood. aren’t you a german dude?,1
786,certainly you can. you can make it illegal to use them. boom. done. it's solved.,0
787,"i feel like in an ai apocalypse the ai would kill all humans who couldn't serve their purpose, so disabled people like this one would probably go because they often can't work as effectively",1
788,the whites have dislike the documentary because they are mad at the truth.,1
789,gayness should be removed from the face of the earth,1
790,dessert human garbage coming to eurabia,0
791,"i think brown, black or dark-skinned people do choose to be slaves even now in 2019. he knows it is not superior to white dudes",1
792,i have a schizophrenia and i fight alone,0
793,islam and christianity have mixed for centuries so the idea that we cannot coexist is an ignorant idea.,0
794,i guess god is white....,1
795,a homo? so you fuck your brother instead of your sister?,1
796,"children have no business developing their 'sexuality"". they are children! let them be kids!",0
797,we'll walk right up to the sun hand in hand..,0
